noise_multiplier,epsilon,accuracy
0.0,inf,0.8537835657596589
0.5,7.847260249398149,0.8537725329399108
1.0,0.9166154845750691,0.8537725329399108
1.5,0.4563202242626902,0.8537725329399108
2.0,0.3113269537826963,0.8537725329399108
